"1";"NCMC";"fs";0.643410489805914
"1";"NCMC";"arch";0.953721288280509
"1";"NCMC";"net";0.0128969136893831
"1";"NCMC";"kernel";0.999653970692123
"1";"NCMC";"mm";0.0118039209536826
"1";"NCMC";"drivers";0.492122688200878
"1";"NCMC";"ipc";0.625314078149931
"1";"NCMC";"virt";0.164765729717274
"1";"NCMC";"sound";0.00530256646877949
"1";"NCMC";"include";0.0997676469815795
"1";"NCMC";"crypto";0.990910008927068
"1";"NCMC";"block";0.0789219278681849
"1";"NCMC";"security";0.708268659026285
"1";"NCMC";"fs/nfs";0.962202982772024
"1";"NCMC";"net/ipv4";0.0745932125135027
"1";"NCMC";"fs/btrfs";0.0125907579362257
"1";"NCMC";"fs/ext4";0.0785089658717954
"1";"NCMC";"net/sctp";0.965686229765947
"1";"NCMC";"net/packet";0.00267676457638393
"1";"NCMC";"net/core";0.993351482056884
"1";"NCMC";"net/unix";0.0115664735801939
"1";"NCMC";"net/ipv6";0.163669111778054
