"1";"NVEC";"fs";0.312960544055493
"1";"NVEC";"arch";0.999977131390424
"1";"NVEC";"net";0.00332448235603764
"1";"NVEC";"kernel";0.646325635636833
"1";"NVEC";"mm";0.0706422691245743
"1";"NVEC";"drivers";0.326804979606611
"1";"NVEC";"ipc";0.442104882679222
"1";"NVEC";"virt";0.179597358282423
"1";"NVEC";"sound";0.133845689475424
"1";"NVEC";"include";0.275797578031902
"1";"NVEC";"crypto";0.989802331730249
"1";"NVEC";"block";0.589601362996161
"1";"NVEC";"security";0.943258712137379
"1";"NVEC";"fs/nfs";0.999999977005248
"1";"NVEC";"net/ipv4";0.000552151384794388
"1";"NVEC";"fs/btrfs";0.0117522738625567
"1";"NVEC";"fs/ext4";0.0515251896294795
"1";"NVEC";"net/sctp";0.138177217627185
"1";"NVEC";"net/packet";0.00122875970703264
"1";"NVEC";"net/core";0.999992057358799
"1";"NVEC";"net/unix";0.00163925370107466
"1";"NVEC";"net/ipv6";0.00302331629097671
