"1";"NCEC";"fs";0.239218834588361
"1";"NCEC";"arch";0.106505481173415
"1";"NCEC";"net";0.907341720192898
"1";"NCEC";"kernel";6.46223775954082e-05
"1";"NCEC";"mm";0.930816084135105
"1";"NCEC";"drivers";0.394069768757691
"1";"NCEC";"ipc";0.388734563203173
"1";"NCEC";"virt";0.847144165703919
"1";"NCEC";"sound";0.930381823178908
"1";"NCEC";"include";0.767917599206298
"1";"NCEC";"crypto";0.88871824919
"1";"NCEC";"block";0.126916275931032
"1";"NCEC";"security";0.0178979934197961
"1";"NCEC";"fs/nfs";0.0693842477684257
"1";"NCEC";"net/ipv4";0.97370283040609
"1";"NCEC";"fs/btrfs";0.983664980472023
"1";"NCEC";"fs/ext4";0.964071170806972
"1";"NCEC";"net/sctp";0.00290756347469265
"1";"NCEC";"net/packet";0.996905872543584
"1";"NCEC";"net/core";0.00176635619973809
"1";"NCEC";"net/unix";0.983312300013718
"1";"NCEC";"net/ipv6";0.909452856714042
