"1";"NMEC";"fs";0.0285479424213756
"1";"NMEC";"arch";2.92020681723289e-11
"1";"NMEC";"net";0.000179115680804833
"1";"NMEC";"kernel";3.02813525354001e-21
"1";"NMEC";"mm";0.70750618890611
"1";"NMEC";"drivers";0.473931995719971
"1";"NMEC";"ipc";0.0019009661875013
"1";"NMEC";"virt";3.3740767258628e-05
"1";"NMEC";"sound";0.00178531320472176
"1";"NMEC";"include";0.000565288792167757
"1";"NMEC";"crypto";0.999954396085704
"1";"NMEC";"block";0.252554993313983
"1";"NMEC";"security";0.000358076004153884
"1";"NMEC";"fs/nfs";3.77195352184775e-09
"1";"NMEC";"net/ipv4";6.84580611534685e-09
"1";"NMEC";"fs/btrfs";4.06490559687419e-23
"1";"NMEC";"fs/ext4";0.666795871721325
"1";"NMEC";"net/sctp";1.33090269953705e-11
"1";"NMEC";"net/packet";6.6133085710309e-13
"1";"NMEC";"net/core";3.41100907125017e-11
"1";"NMEC";"net/unix";0.99414123270281
"1";"NMEC";"net/ipv6";0.252634855209289
