"1";"NVMC";"fs";0.689301777169056
"1";"NVMC";"arch";0.999999226914307
"1";"NVMC";"net";0.0982105953074506
"1";"NVMC";"kernel";0.977017482534069
"1";"NVMC";"mm";0.0493994896818158
"1";"NVMC";"drivers";0.458402908913236
"1";"NVMC";"ipc";0.837874595795955
"1";"NVMC";"virt";0.199036551187177
"1";"NVMC";"sound";0.0299130545430943
"1";"NVMC";"include";0.300970328610725
"1";"NVMC";"crypto";0.999999999914149
"1";"NVMC";"block";0.388002460615749
"1";"NVMC";"security";0.421793654276306
"1";"NVMC";"fs/nfs";0.99999897270143
"1";"NVMC";"net/ipv4";0.00111245289918351
"1";"NVMC";"fs/btrfs";0.00181492434801553
"1";"NVMC";"fs/ext4";0.0875016245168863
"1";"NVMC";"net/sctp";0.517989868539274
"1";"NVMC";"net/packet";0.00191873099687542
"1";"NVMC";"net/core";0.999987176689036
"1";"NVMC";"net/unix";0.877504187870919
"1";"NVMC";"net/ipv6";0.0140592780785419
