"1";"NCEC";"fs";0.760781165411639
"1";"NCEC";"arch";0.893494518826585
"1";"NCEC";"net";0.0926582798071015
"1";"NCEC";"kernel";0.999935377622405
"1";"NCEC";"mm";0.0691839158648948
"1";"NCEC";"drivers";0.605930231242309
"1";"NCEC";"ipc";0.611265436796827
"1";"NCEC";"virt";0.152855834296081
"1";"NCEC";"sound";0.0696181768210918
"1";"NCEC";"include";0.232082400793702
"1";"NCEC";"crypto";0.11128175081
"1";"NCEC";"block";0.873083724068968
"1";"NCEC";"security";0.982102006580204
"1";"NCEC";"fs/nfs";0.930615752231574
"1";"NCEC";"net/ipv4";0.0262971695939102
"1";"NCEC";"fs/btrfs";0.0163350195279775
"1";"NCEC";"fs/ext4";0.035928829193028
"1";"NCEC";"net/sctp";0.997092436525307
"1";"NCEC";"net/packet";0.00309412745641586
"1";"NCEC";"net/core";0.998233643800262
"1";"NCEC";"net/unix";0.016687699986282
"1";"NCEC";"net/ipv6";0.090547143285958
